epoch,accuracy,auc,fn,fp,loss,precision,recall,tn,tp,val_accuracy,val_auc,val_fn,val_fp,val_loss,val_precision,val_recall,val_tn,val_tp
0,0.892357349395752,0.9597826600074768,64.0,236.0,0.1250704973936081,0.8509159684181213,0.954642117023468,1140.0,1347.0,0.9172413945198059,0.9590884447097778,77.0,151.0,0.5081272721290588,0.8968579173088074,0.9446043372154236,1214.0,1313.0
0,0.9417127966880798,0.9757526516914368,477.0,808.0,0.17817622423171997,0.9288356304168701,0.9567268490791321,10215.0,10546.0,0.9052631855010986,0.9579514861106873,46.0,215.0,0.3754323720932007,0.8627951741218567,0.9670958518981934,1142.0,1352.0
1,0.9472466707229614,0.9787379503250122,411.0,752.0,0.16206368803977966,0.9338144659996033,0.9627075791358948,10273.0,10610.0,0.8588021993637085,0.9774279594421387,14.0,375.0,0.36420339345932007,0.7859588861465454,0.9899352788925171,989.0,1377.0
2,0.9507393836975098,0.9825162291526794,392.0,694.0,0.14779707789421082,0.9387304782867432,0.9644444584846497,10327.0,10633.0,0.9473684430122375,0.9830779433250427,36.0,109.0,0.19325347244739532,0.9257998466491699,0.9742120504379272,1250.0,1360.0
3,0.9517372846603394,0.9811931252479553,375.0,689.0,0.15122246742248535,0.9392309188842773,0.9659833312034607,10333.0,10649.0,0.8965517282485962,0.9813441634178162,249.0,36.0,0.29526665806770325,0.9694915413856506,0.8212491273880005,1326.0,1144.0
4,0.9569536447525024,0.9863736629486084,349.0,600.0,0.13094787299633026,0.946775496006012,0.9683360457420349,10424.0,10673.0,0.9411978125572205,0.9804617762565613,21.0,141.0,0.20329800248146057,0.9067460298538208,0.9849137663841248,1222.0,1371.0
